N/A,META,,,,,SUMMARY,,,PLACE,,,,,,,,,,,,,,,,,,,,,ECONOMY,,,,,,,,,,,,,,,,,,,,,COMMUNITY,,,,,,,,,,,,,,,,,,,,
N/A,Is an Opportunity Zone,Census Tract FIPS code,County,State,Year,Inclusive Growth Score,Growth,Inclusion,Place,Place Growth,Place Inclusion,Net Occupancy Score,"Net Occupancy Base, %","Net Occupancy Tract, %",Residential Real Estate Value Score,"Residential Real Estate Value Base, %","Residential Real Estate Value Tract, %",Acres of Park Land Score,"Acres of Park Land Base, %","Acres of Park Land Tract, %",Affordable Housing Score,"Affordable Housing Base, %","Affordable Housing Tract, %",Internet Access Score,"Internet Access Base, %","Internet Access Tract, %",Travel Time to Work Score,"Travel Time to Work Base, %","Travel Time to Work Tract, %",Economy,Economy Growth,Economy Inclusion,New Businesses Score,"New Businesses Base, %","New Businesses Tract, %",Spend Growth Score,"Spend Growth Base, %","Spend Growth Tract, %",Small Business Loans Score,"Small Business Loans Base, %","Small Business Loans Tract, %",Minority/Women Owned Businesses Score,"Minority/Women Owned Businesses Base, %","Minority/Women Owned Businesses Tract, %",Labor Market Engagement Index Score,Labor Market Engagement Index Base,Labor Market Engagement Index Tract,Commercial Diversity Score,"Commercial Diversity Base, %","Commercial Diversity Tract, %",Community,Community Growth,Community Inclusion,Personal Income Score,"Personal Income Base, %","Personal Income Tract, %",Spending per Capita Score,"Spending per Capita Base, %","Spending per Capita Tract, %",Female Above Poverty Score,"Female Above Poverty Base, %","Female Above Poverty Tract, %",Gini Coefficient Score,Gini Coefficient Base,Gini Coefficient Tract,Early Education Enrollment Score,"Early Education Enrollment Base, %","Early Education Enrollment Tract, %",Health Insurance Coverage Score,"Health Insurance Coverage Base, %","Health Insurance Coverage Tract, %"
,,,,,,,,,,,,,,,,,,,,,,,,,,,,,,,,,,,,,,,,,,,,,,,,,,,,,,,,,,,,,,,,,,,,,,,
0,N/A,48201211100,Harris County,Texas,2017,37,39,35,37,44,30,29,3.8,-8.1,58,9.3,28,54,1.8,2.1,50,77.8,77.9,3,76.2,41,14,65.4,47.7,31,30,32,24,6,0,62,N/A,N/A,4,8.1,-43.8,81,6.7,10.3,2,51,5,12,22.1,13.1,42,42,43,63,4.4,22.8,21,N/A,N/A,4,81.8,48.6,34,41.8,44.1,87,22.3,39.2,47,83.4,82.8
1,N/A,48201211100,Harris County,Texas,2018,37,41,33,32,34,30,32,3.5,-5.6,37,16.1,13.2,54,1.8,2.1,46,78.1,77.4,3,76.2,41,15,64.9,47.3,42,51,32,24,6,0,66,N/A,N/A,64,2.3,33.3,81,6.7,10.3,3,50,6,12,22.1,13.1,37,38,36,65,5.9,27.9,11,N/A,N/A,3,82.3,45.3,30,41.9,45,83,22.1,35.7,29,84.4,80.2
2,N/A,48201211100,Harris County,Texas,2019,36,41,31,34,39,28,43,3.2,-1,35,22.7,17.4,54,1.8,2.1,42,78,76.7,3,77.5,44.7,14,64.5,46.4,38,41,34,60,15.2,31.8,12,N/A,N/A,52,8,20.8,81,6.7,10.3,8,49,11,12,22.1,13.1,37,42,32,65,8.4,29.7,19,N/A,N/A,3,82.9,47.4,35,42,44.4,73,21.8,30.1,15,85.3,77.5
3,N/A,48201211100,Harris County,Texas,2020,31,36,26,27,25,29,40,3,-2.5,10,29.4,-17.9,54,1.8,2.1,45,77.7,76.7,3,78.8,45.7,14,63.9,45.7,26,29,23,59,7.4,20.7,17,N/A,N/A,10,12.1,-10.3,47,5.9,5.7,11,48,14,11,22.6,13.2,40,54,27,62,10.3,26.9,45,N/A,N/A,2,83.6,48.3,28,42,45.5,70,21.7,28.9,7,86,74.7
4,N/A,48201211100,Harris County,Texas,2021,32,35,28,26,17,36,27,-0.9,-19.9,7,21.6,-70,54,1.8,2.1,55,77.6,78.5,9,85.1,65.2,26,63.5,52.7,38,41,34,23,5,0,48,N/A,N/A,52,8.7,23.1,81,11.5,17.1,7,46,10,13,22.6,14.1,30,48,13,50,11.1,18.6,46,N/A,N/A,2,85.1,45.6,27,41.2,45.3,N/A,24,N/A,10,86.1,75.3
5,N/A,48201211100,Harris County,Texas,2022,34,36,31,26,17,34,27,-2.8,-39.1,7,26.4,-68.8,54,1.8,2.1,43,76.9,75.4,16,87,73.4,22,63.7,50.3,44,47,41,9,-13.2,-28.6,64,N/A,N/A,69,15.2,115.6,91,12.6,24,12,47,14,21,23.1,16.6,32,44,19,29,11.7,9.1,59,N/A,N/A,4,85.3,55.2,41,41.3,42.7,N/A,24.1,N/A,13,85.6,76.1
6,N/A,48201211100,Harris County,Texas,2023,26,23,29,25,18,32,30,-4.5,-52,7,44,-61.8,54,1.8,2.1,24,75.6,69.4,5,88.4,67.4,44,63.9,61.3,32,35,29,44,30,36,56,N/A,N/A,5,-8.8,-66.9,55,11,11.8,12,47,14,20,22.6,15.9,20,16,25,17,14.3,5,14,N/A,N/A,8,85.4,61.5,53,41.5,41,N/A,24.8,N/A,13,85.5,75.7
7,N/A,48201211100,Harris County,Texas,2024,26,18,35,25,18,32,30,-4.5,-52,7,44,-61.8,54,1.8,2.1,24,75.6,69.4,5,88.4,67.4,44,63.9,61.3,34,19,48,23,-5.2,-8.8,30,N/A,N/A,5,-8.8,-66.9,78,11,16.1,12,47,14,54,1.3,1.5,20,16,25,17,14.3,5,14,N/A,N/A,8,85.4,61.5,53,41.5,41,N/A,24.8,N/A,13,85.5,75.7
8,Yes,04013113100,Maricopa County,Arizona,2017,40,37,42,37,16,58,33,2.4,1.3,0,-4.3,-100,61,3.1,4.3,97,74.2,89.2,8,82,54.5,67,65.4,71.5,50,67,34,70,5,7.6,42,N/A,N/A,90,6,47.3,12,3.8,1.7,56,46,53,N/A,N/A,N/A,32,28,35,35,1.5,-3.6,20,N/A,N/A,3,83.7,43.3,4,40.5,53.5,91,18.3,44.4,42,88.4,86.6
9,Yes,04013113100,Maricopa County,Arizona,2018,41,47,35,42,26,57,52,2.4,8.5,0,3.7,-100,61,3.1,4.3,95,75.2,86.8,8,82,54.5,65,65.3,70.9,54,73,34,70,5,7.6,84,N/A,N/A,66,0,2.9,12,3.8,1.7,56,45,53,N/A,N/A,N/A,29,43,15,28,5.1,-3.6,58,N/A,N/A,2,83.9,43.1,2,40.7,54.6,3,18.3,0,52,89.6,89.9
10,Yes,04013113100,Maricopa County,Arizona,2019,48,58,37,62,67,58,67,2.7,23.5,N/A,23.6,N/A,61,3.1,4.3,94,75.8,85.7,7,83.1,55,70,64.9,72.7,52,67,36,61,15.2,13.6,76,N/A,N/A,63,7.5,7.8,12,3.8,1.7,60,45,57,N/A,N/A,N/A,28,40,17,18,8.9,-8.5,61,N/A,N/A,1,84.3,42.5,2,40.9,54.4,3,18.2,0,63,90.7,92.8
11,Yes,04013113100,Maricopa County,Arizona,2020,42,46,39,63,68,58,68,3,28.1,N/A,39.9,N/A,61,3.1,4.3,89,76,83.8,7,84.1,57.9,77,64.8,75.5,44,48,41,58,6.3,3.3,29,N/A,N/A,57,8.6,5.9,17,3.2,1.6,65,44,63,N/A,N/A,N/A,20,21,19,20,12.5,-3.1,22,N/A,N/A,1,85.1,40.8,2,41,55.1,3,18.6,0,70,91.6,94.3
12,Yes,04013113100,Maricopa County,Arizona,2021,52,60,43,64,69,58,69,2,35.5,N/A,42.6,N/A,61,3.1,4.3,82,76.7,82.8,7,88.7,66.6,82,64.3,77,70,86,53,85,5.5,17.6,87,N/A,N/A,85,1.7,23.6,17,4.3,2,89,46,85,N/A,N/A,N/A,22,24,19,21,14.3,0.2,28,N/A,N/A,1,86.6,45,7,40.3,51.7,N/A,20.5,N/A,50,92.4,92.4
13,Yes,04013113100,Maricopa County,Arizona,2022,51,65,37,58,68,48,68,0.7,34.4,N/A,48.9,N/A,61,3.1,4.3,45,76.2,75.4,8,90.2,70.6,79,64.7,76.7,69,82,56,82,0,8.5,93,N/A,N/A,71,15,24.1,27,4,2.5,85,47,83,N/A,N/A,N/A,26,44,8,38,15.9,11.5,50,N/A,N/A,1,87.2,40.2,4,40.4,53.2,N/A,20.9,N/A,19,92.2,86.7
14,Yes,04013113100,Maricopa County,Arizona,2023,46,58,34,54,69,40,69,-0.6,43.5,N/A,73.7,N/A,61,3.1,4.3,20,75.5,68.4,9,91.4,74.9,71,65,73.2,54,61,48,46,15.6,5.3,79,N/A,N/A,59,-0.9,-3.6,12,3.2,1.2,85,47,83,N/A,N/A,N/A,29,45,13,41,19.1,15.1,49,N/A,N/A,1,87.4,49.4,6,40.3,52.2,N/A,21,N/A,31,91.9,89
15,Yes,04013113100,Maricopa County,Arizona,2024,49,65,33,54,69,40,69,-0.6,43.5,N/A,73.7,N/A,61,3.1,4.3,20,75.5,68.4,9,91.4,74.9,71,65,73.2,62,76,47,90,-4.8,13.1,80,N/A,N/A,59,-0.9,-3.6,9,2.8,1.1,85,47,83,N/A,N/A,N/A,31,49,13,41,19.1,15.1,57,N/A,N/A,1,87.4,49.4,6,40.3,52.2,N/A,21,N/A,31,91.9,89
16,N/A,56015957700,Goshen County,Wyoming,2017,41,47,35,42,52,33,33,1.9,0.9,71,5.9,53.7,19,8.1,2.8,69,81.2,84.1,20,79.8,71.5,23,84.3,74.1,30,42,17,47,0,4,2,N/A,N/A,76,-3.1,77.3,24,4.5,3.4,18,64,47,8,25,14.8,51,46,56,67,2.7,12.2,24,N/A,N/A,47,86,85.4,77,40.1,37,58,24,25.8,43,87.8,86.8
17,N/A,56015957700,Goshen County,Wyoming,2018,37,38,36,42,50,34,33,1.5,1,68,11,48.5,19,8.1,2.8,65,81.5,83,20,79.8,71.5,30,85.3,75.7,21,24,18,47,0,4,6,N/A,N/A,20,5.1,-17.9,24,4.5,3.4,22,61,48,8,25,14.8,48,40,57,69,4.5,16.7,10,N/A,N/A,63,86.3,88.6,76,40.5,37.2,56,24,25.9,34,88,86.5
18,N/A,56015957700,Goshen County,Wyoming,2019,42,50,35,40,50,30,52,1.1,4.8,47,18.7,24.3,19,8.1,2.8,47,81.2,80.9,21,81,73.1,31,86.3,77.9,30,36,23,32,12.6,11.5,65,N/A,N/A,11,3.9,-46.9,24,4.5,3.4,38,57,52,8,25,14.8,58,64,53,54,6,10.8,74,N/A,N/A,66,86.4,88.7,79,40.9,37.4,34,24.2,19.2,34,89.3,87
19,N/A,56015957700,Goshen County,Wyoming,2020,44,52,37,40,47,32,47,-0.7,3.5,47,16.7,22.2,19,8.1,2.8,44,81.5,80.5,23,81.8,74.7,40,85.6,81,43,58,28,35,7.2,6.9,61,N/A,N/A,77,8.5,88.2,36,3.8,3.2,41,56,51,8,25.7,15,52,52,52,52,8,10.7,53,N/A,N/A,67,86.8,89.3,70,40.5,38.7,26,23.2,16.2,44,89.5,88.8
20,N/A,56015957700,Goshen County,Wyoming,2021,44,49,38,46,54,38,44,-3.4,-0.3,64,13.4,47.7,19,8.1,2.8,40,82.1,81.1,37,86.5,83.9,58,85.4,87.6,40,47,33,58,6.3,22.6,61,N/A,N/A,23,-5.9,-31.2,39,6.4,5.3,54,53,55,7,25.2,14.8,46,47,44,53,8.2,12.1,41,N/A,N/A,53,86.6,87.7,46,40.5,41.2,10,26.5,8.5,69,89.8,91.9
21,N/A,56015957700,Goshen County,Wyoming,2022,44,44,44,49,48,50,36,-3.3,-3.3,61,13,45.6,19,8.1,2.8,88,82.1,87.4,24,87.9,82.5,67,84.7,89.2,45,45,45,16,-7.1,-21.1,64,N/A,N/A,54,18.6,27.3,82,6.1,10,44,54,52,9,25.1,15.3,38,40,37,61,9.5,19.1,20,N/A,N/A,54,87.1,87.5,40,40.4,42,24,31.4,15.3,31,89.3,85.9
22,N/A,56015957700,Goshen County,Wyoming,2023,47,49,45,52,52,52,35,-2.5,-2.8,70,27.8,115.7,19,8.1,2.8,88,81.3,87,31,89,85.1,71,84.1,89.8,37,37,37,39,33.3,36.7,9,N/A,N/A,63,0,17.9,59,4.4,4.9,44,54,52,8,25.3,14.7,53,59,47,58,12.7,18.9,60,N/A,N/A,75,86.6,91.2,60,40.8,39.4,19,30.3,13.7,33,89.3,86.9
23,N/A,56015957700,Goshen County,Wyoming,2024,44,43,45,52,52,52,35,-2.5,-2.8,70,27.8,115.7,19,8.1,2.8,88,81.3,87,31,89,85.1,71,84.1,89.8,38,42,35,55,-6.2,2.4,8,N/A,N/A,63,0,17.9,57,4,4.8,44,54,52,5,1.1,0.2,41,35,47,58,12.7,18.9,12,N/A,N/A,75,86.6,91.2,60,40.8,39.4,19,30.3,13.7,33,89.3,86.9
24,N/A,13089021415,DeKalb County,Georgia,2017,62,69,56,55,61,49,55,2.8,5.2,67,-5.3,-0.8,27,2,0.7,23,75.4,70.5,90,76.3,92.3,57,61.7,66,64,59,69,79,6,20.9,39,N/A,N/A,60,8.1,6.4,54,3.5,3.8,99,39,99,55,22.5,23.4,68,86,51,83,2.1,9.1,90,N/A,N/A,71,79.6,86.4,5,42.9,54.2,42,26.4,23.9,87,84.9,92.6
25,N/A,13089021415,DeKalb County,Georgia,2018,62,65,58,50,49,52,36,2.3,-0.5,62,0.2,1,27,2,0.7,30,76.4,73.1,90,76.3,92.3,63,61.3,68.1,67,65,69,79,6,20.9,74,N/A,N/A,42,4.2,-10.9,54,3.5,3.8,99,39,99,55,22.5,23.4,66,80,52,71,5.6,7.4,89,N/A,N/A,68,80.1,86.2,9,43.1,52.1,41,26.4,22.9,92,86.1,94.9
26,N/A,13089021415,DeKalb County,Georgia,2019,56,51,61,48,39,57,22,2.3,-6.4,56,12,5.6,27,2,0.7,45,77.1,76.3,90,77.1,93,66,60.7,69.1,66,62,69,31,15.7,0,80,N/A,N/A,74,7.1,15.3,54,3.5,3.8,99,40,99,55,22.5,23.4,54,52,56,61,9.7,7.7,44,N/A,N/A,68,80.5,86.7,20,43,48.3,41,25.6,22.5,94,87,96.4
27,N/A,13089021415,DeKalb County,Georgia,2020,55,54,56,50,43,58,19,2.4,-8.4,67,23.2,30.1,27,2,0.7,48,77.7,77.4,90,78.3,93.4,68,60.2,69.5,50,52,47,36,12.5,0.8,73,N/A,N/A,46,7.9,-3.2,2,2.8,0.7,98,41,99,41,22.8,20.8,64,66,63,60,13,10.6,72,N/A,N/A,70,81.1,88.2,37,43,44.8,51,25.4,25.8,95,87.7,96.8
28,N/A,13089021415,DeKalb County,Georgia,2021,56,57,55,51,45,57,45,-3.7,-4.3,N/A,7.9,N/A,27,2,0.7,39,78.6,76.2,90,84.6,96.2,71,59.7,70.7,64,80,49,92,5.3,64.9,82,N/A,N/A,65,13.3,15.9,0,4.1,0.5,99,43,100,48,23,22.6,52,46,59,55,14.8,10.3,36,N/A,N/A,N/A,84.1,N/A,47,42,42.6,42,28.9,25.3,89,88.5,95.2
29,N/A,13089021415,DeKalb County,Georgia,2022,52,47,57,56,58,53,58,-5.2,1.5,N/A,12.4,N/A,27,2,0.7,32,78.2,74.2,84,86.7,95.3,68,59.5,69.1,42,30,55,26,-13.7,-52.5,17,N/A,N/A,48,28.6,11.4,16,4,1.9,99,45,99,51,23.5,23.7,58,52,64,63,15.8,14.4,40,N/A,N/A,N/A,84.6,N/A,35,42.1,44.8,N/A,29.5,N/A,93,88.3,96.6
30,N/A,13089021415,DeKalb County,Georgia,2023,58,60,55,60,70,51,70,-6.1,10.5,N/A,30,N/A,27,2,0.7,19,77.5,69,83,88.4,95.8,75,60.2,72.8,58,62,53,67,30.1,37.1,42,N/A,N/A,78,-15.8,1.7,14,3.1,1.4,99,45,99,47,23.1,22.4,55,48,62,59,17.7,13.4,36,N/A,N/A,N/A,84.7,N/A,33,41.9,45,N/A,30.5,N/A,91,88.8,95.9
31,N/A,13089021415,DeKalb County,Georgia,2024,58,61,55,60,70,51,70,-6.1,10.5,N/A,30,N/A,27,2,0.7,19,77.5,69,83,88.4,95.8,75,60.2,72.8,52,50,53,35,-6.1,-13.9,37,N/A,N/A,78,-15.8,1.7,21,2.8,1.6,99,45,99,40,1.8,1.3,63,64,62,59,17.7,13.4,68,N/A,N/A,N/A,84.7,N/A,33,41.9,45,N/A,30.5,N/A,91,88.8,95.9
32,Yes,53033009100,King County,Washington,2017,49,58,40,52,57,46,57,3.1,9,N/A,-0.4,N/A,35,4.8,3.2,89,71.9,79.7,2,85.9,58.2,57,64,67.1,68,68,67,58,4.7,1.7,56,N/A,N/A,89,-3,25.3,86,3.9,7.4,49,54,53,67,21.8,24.7,29,50,8,65,3.8,13,35,N/A,N/A,7,86.9,66.1,4,40.2,50.9,16,22,10.7,3,90.9,81.5
33,Yes,53033009100,King County,Washington,2018,46,52,39,42,40,43,40,3.3,3.9,N/A,9,N/A,35,4.8,3.2,80,72.7,78.2,2,85.9,58.2,55,62.9,65.5,58,49,67,58,4.7,1.7,46,N/A,N/A,42,-3.9,-16.8,86,3.9,7.4,49,55,54,67,21.8,24.7,37,68,6,75,6.3,30.1,61,N/A,N/A,10,87.3,70.6,3,40.5,51.9,9,22.7,7.5,4,92.4,84.5
34,Yes,53033009100,King County,Washington,2019,44,50,38,31,20,42,20,3.3,-0.7,N/A,25.8,N/A,35,4.8,3.2,79,73.1,78.2,2,86.9,62.2,50,61.5,61.4,66,68,65,71,14.1,18,83,N/A,N/A,51,11.1,4,86,3.9,7.4,42,55,49,67,21.8,24.7,34,61,8,75,10.6,46.5,47,N/A,N/A,13,87.9,74.8,2,40.6,53.7,10,23.1,7.9,8,93.8,88.6
35,Yes,53033009100,King County,Washington,2020,43,48,38,40,37,42,8,3.6,-6.2,66,41.3,119.5,35,4.8,3.2,81,73.5,79,2,87.6,64.7,51,60.7,61.3,56,49,63,34,5.5,-10.6,32,N/A,N/A,81,7.5,26.2,88,3.4,6.7,37,56,46,64,22.6,25.2,33,58,8,76,14.3,56.3,40,N/A,N/A,18,88.4,79.3,2,40.6,54.2,1,23.5,0,10,94.8,90.9
36,Yes,53033009100,King County,Washington,2021,46,54,38,36,30,42,30,1.9,-0.5,N/A,45.1,N/A,35,4.8,3.2,90,73.6,82.4,4,91.4,76.7,39,60.2,55.1,70,80,61,77,5.4,12.4,78,N/A,N/A,86,1.8,30.8,88,5,9.7,32,54,40,62,22.3,24.5,32,53,12,74,16,42.2,32,N/A,N/A,7,89.8,72.8,1,40.2,56.5,N/A,25.4,N/A,28,95.8,94.2
37,Yes,53033009100,King County,Washington,2022,47,55,39,46,52,39,52,1.6,6.1,N/A,52.7,N/A,35,4.8,3.2,71,73.7,77.3,6,92.6,80.2,43,61.1,57.6,64,62,66,56,-13.2,-16.6,86,N/A,N/A,45,21.1,7.1,86,4.9,9.4,52,54,56,61,23.3,25.2,32,51,12,49,17.4,19.9,53,N/A,N/A,9,90,75.7,5,40.1,51,N/A,25.5,N/A,22,95.7,93.2
38,Yes,53033009100,King County,Washington,2023,42,49,35,48,60,35,60,1.3,10.2,N/A,74.2,N/A,35,4.8,3.2,55,73,73.9,3,93.1,79.5,46,61.8,60.2,58,51,66,43,33.3,11.6,64,N/A,N/A,47,-7.9,-21.8,94,3.6,8.4,52,54,56,53,22.8,23.3,20,35,5,14,19.7,4.4,56,N/A,N/A,2,89.8,62.4,4,40.4,52.2,N/A,26.1,N/A,8,95.8,90.5
39,Yes,53033009100,King County,Washington,2024,42,48,37,48,60,35,60,1.3,10.2,N/A,74.2,N/A,35,4.8,3.2,55,73,73.9,3,93.1,79.5,46,61.8,60.2,66,59,72,63,-5.4,-5.4,68,N/A,N/A,47,-7.9,-21.8,86,3.4,6.3,52,54,56,78,1.3,2.4,14,24,5,14,19.7,4.4,33,N/A,N/A,2,89.8,62.4,4,40.4,52.2,N/A,26.1,N/A,8,95.8,90.5
40,N/A,12095011300,Orange County,Florida,2017,54,54,55,54,49,58,66,3.1,7.3,32,-7.1,-29.2,54,2.6,3,32,69.1,65.2,69,80.1,85.8,78,63.4,74.3,73,70,76,63,7,7.8,68,N/A,N/A,80,9.8,25.9,57,3.1,3.5,92,38,85,79,23.8,29.9,36,42,31,27,1.5,-25.6,56,N/A,N/A,27,83.8,75.6,21,42.4,47.6,33,25,18.2,43,85.7,84.6
41,N/A,12095011300,Orange County,Florida,2018,51,48,54,61,64,58,71,3.5,9.9,56,-0.2,0.1,54,2.6,3,30,70.1,65.8,69,80.1,85.8,81,62.8,74.5,68,60,77,63,7,7.8,66,N/A,N/A,50,4.3,-1.7,57,3.1,3.5,95,38,88,79,23.8,29.9,24,21,27,29,4.6,-13.8,13,N/A,N/A,25,84.2,74.9,26,42.6,46.7,29,24.8,16.7,27,87.1,82.8
42,N/A,12095011300,Orange County,Florida,2019,56,57,54,64,68,60,74,3.8,12,62,19.3,27,54,2.6,3,32,70.8,66.8,76,81.1,88.6,79,61.9,73,70,62,77,72,14.8,20.5,67,N/A,N/A,48,11.2,3.4,57,3.1,3.5,96,39,90,79,23.8,29.9,34,41,26,47,8.8,3.3,35,N/A,N/A,28,84.9,77.2,28,42.7,46.5,30,24.9,17.1,16,88.3,81.8
43,N/A,12095011300,Orange County,Florida,2020,63,69,57,70,76,63,78,3.7,14.6,75,35.9,68.4,54,2.6,3,39,71.2,68.9,81,82.1,90.5,79,60.9,72.6,72,61,82,60,8.9,8.5,70,N/A,N/A,52,8.5,3.3,70,2.6,3.7,97,40,92,80,24.7,31.2,48,70,27,88,11.9,29.2,51,N/A,N/A,31,85.5,79.5,25,42.7,47.2,40,24.6,20.7,13,89.2,82.4
44,N/A,12095011300,Orange County,Florida,2021,66,67,64,74,80,68,75,1.4,12,85,37.7,135.5,54,2.6,3,47,71.3,70.5,91,86.7,96,80,60.3,72.6,72,60,85,71,5.7,9.2,44,N/A,N/A,66,10.1,13.8,72,3.8,5.5,99,42,97,84,24.7,32.3,50,61,39,91,13.5,41.2,31,N/A,N/A,58,87,88.8,39,42.3,44.2,27,28.3,18.8,31,90.1,87.2
45,N/A,12095011300,Orange County,Florida,2022,66,72,60,70,76,63,67,0.2,6.9,86,45.1,184.6,54,2.6,3,31,70.9,65.7,87,88.4,95.7,79,60,72.4,69,62,76,89,-15.2,37.1,38,N/A,N/A,59,20.6,18.6,50,3.7,3.7,99,44,97,79,25.2,31.5,60,79,40,90,14.8,41.5,68,N/A,N/A,56,87.2,88.3,31,42.3,45.8,19,28.5,15.3,55,90,90.8
46,N/A,12095011300,Orange County,Florida,2023,61,57,65,66,67,65,57,-0.9,1.1,77,66.9,126.4,54,2.6,3,39,69.9,66.9,90,89.9,96.9,78,60,72,68,47,89,32,35.2,-27.7,36,N/A,N/A,73,-5.6,2.7,89,2.8,6,99,44,97,80,24.4,30.8,49,58,40,84,17.7,34.6,33,N/A,N/A,42,86.7,84.8,35,42.5,45.1,7,29.4,9.8,75,90.3,94.1
47,N/A,12095011300,Orange County,Florida,2024,64,65,62,66,67,65,57,-0.9,1.1,77,66.9,126.4,54,2.6,3,39,69.9,66.9,90,89.9,96.9,78,60,72,76,71,81,93,-6.7,63,48,N/A,N/A,73,-5.6,2.7,74,2.6,3.9,99,44,97,70,1.8,2.6,48,56,40,84,17.7,34.6,29,N/A,N/A,42,86.7,84.8,35,42.5,45.1,7,29.4,9.8,75,90.3,94.1
48,N/A,12086003602,Miami-Dade County,Florida,2017,50,60,39,52,68,37,66,3.1,4.2,69,-7.1,57.4,57,2.6,3.3,73,69.1,73.8,2,80.1,44,17,63.4,48.1,62,67,58,48,7,6.9,88,N/A,N/A,66,9.8,17.7,77,3.1,4.8,51,38,39,45,23.8,22.7,32,44,21,50,1.5,7.6,39,N/A,N/A,4,83.8,54.6,20,42.4,48.1,36,25,19.9,25,85.7,81
49,N/A,12086003602,Miami-Dade County,Florida,2018,46,52,40,48,60,37,52,3.5,0,69,-0.2,73.6,57,2.6,3.3,67,70.1,73.6,2,80.1,44,23,62.8,51.5,55,52,58,48,7,6.9,80,N/A,N/A,27,4.3,-17.7,77,3.1,4.8,51,38,39,45,23.8,22.7,34,43,26,55,4.6,14.1,31,N/A,N/A,6,84.2,59.2,25,42.6,47,50,24.8,24.7,25,87.1,82.4
50,N/A,12086003602,Miami-Dade County,Florida,2019,48,58,39,44,55,34,44,3.8,-2.4,66,19.3,77.9,57,2.6,3.3,54,70.8,71.6,2,81.1,45.8,23,61.9,50.3,57,57,57,72,14.8,33.9,41,N/A,N/A,57,11.2,12.9,77,3.1,4.8,50,39,39,45,23.8,22.7,44,62,26,58,8.8,20,65,N/A,N/A,8,84.9,63.7,29,42.7,46.2,57,24.9,27.7,12,88.3,80.9
51,N/A,12086003602,Miami-Dade County,Florida,2020,46,56,37,42,51,34,38,3.7,-5,64,35.9,90.2,57,2.6,3.3,50,71.2,71.2,2,82.1,47.3,28,60.9,52,44,44,45,23,8.9,-2.4,34,N/A,N/A,74,8.5,21.9,46,2.6,2.5,51,40,41,39,24.7,22.8,53,74,32,66,11.9,33.8,83,N/A,N/A,11,85.5,68,21,42.7,48.2,87,24.6,45.6,9,89.2,81.2
52,N/A,12086003602,Miami-Dade County,Florida,2021,46,58,33,32,30,34,30,1.4,-25.1,N/A,37.7,N/A,57,2.6,3.3,45,71.3,69.9,2,86.7,57.6,31,60.3,52.6,64,74,54,81,5.7,87.7,85,N/A,N/A,55,10.1,10.2,53,3.8,3.9,66,42,56,44,24.7,23.6,40,69,12,68,13.5,42.7,70,N/A,N/A,16,87,74.2,18,42.3,49.5,N/A,28.3,N/A,3,90.1,76.5
53,N/A,12086003602,Miami-Dade County,Florida,2022,44,53,34,32,30,35,30,0.2,-45.1,N/A,45.1,N/A,57,2.6,3.3,37,70.9,67.6,4,88.4,65.9,41,60,56.5,58,59,57,22,-15.2,-28.3,72,N/A,N/A,82,20.6,66.7,49,3.7,3.7,71,44,64,52,25.2,25.6,40,70,10,68,14.8,50.4,72,N/A,N/A,N/A,87.2,N/A,18,42.3,49.5,N/A,28.5,N/A,3,90,76.1
54,N/A,12086003602,Miami-Dade County,Florida,2023,42,44,39,30,31,28,31,-0.9,-64.7,N/A,66.9,N/A,57,2.6,3.3,17,69.9,59,3,89.9,67.7,34,60,53.6,48,46,50,76,35.2,89,39,N/A,N/A,22,-5.6,-72.3,31,2.8,1.9,71,44,64,48,24.4,24.1,47,54,40,67,17.7,54.7,40,N/A,N/A,N/A,86.7,N/A,20,42.5,49,97,29.4,87.4,2,90.3,75.4
55,N/A,12086003602,Miami-Dade County,Florida,2024,38,36,40,30,31,28,31,-0.9,-64.7,N/A,66.9,N/A,57,2.6,3.3,17,69.9,59,3,89.9,67.7,34,60,53.6,40,28,52,36,-6.7,-9.7,26,N/A,N/A,22,-5.6,-72.3,12,2.6,1.1,71,44,64,74,1.8,2.9,44,49,40,67,17.7,54.7,31,N/A,N/A,N/A,86.7,N/A,20,42.5,49,97,29.4,87.4,2,90.3,75.4
56,N/A,40109104700,Oklahoma County,Oklahoma,2017,48,45,50,47,34,60,66,1.9,16.9,1,6,-100,91,1.2,10.1,100,81.9,96.7,6,70.9,51.9,41,76.8,73.8,46,47,45,40,5.1,3.3,62,N/A,N/A,40,1.6,0,80,4.9,8.1,12,45,16,42,18.8,17.5,50,53,46,65,4.3,25.3,41,N/A,N/A,6,81.1,56.9,15,42.3,47.5,79,24.7,34.4,84,84.4,90.8
57,N/A,40109104700,Oklahoma County,Oklahoma,2018,50,48,51,44,30,59,60,1.6,10,0,9.6,-100,91,1.2,10.1,99,82.3,94.6,6,70.9,51.9,41,76.6,73.6,48,49,48,40,5.1,3.3,64,N/A,N/A,43,2.9,5,80,4.9,8.1,21,44,21,42,18.8,17.5,55,64,46,67,5,34.7,60,N/A,N/A,12,81.2,63.2,9,42.5,50.3,80,24.4,34.9,81,85.5,90.6
58,N/A,40109104700,Oklahoma County,Oklahoma,2019,48,46,49,43,28,58,55,1.1,6.5,0,11.5,-100,91,1.2,10.1,98,82.4,92.1,4,72.6,50.9,39,76.2,73.1,51,51,51,55,13.5,19.4,25,N/A,N/A,72,1.8,61.9,80,4.9,8.1,32,41,27,42,18.8,17.5,48,58,39,66,7.3,27.2,51,N/A,N/A,18,81.4,69.4,9,42.5,50.3,69,24.6,30.2,60,86.2,87.9
59,N/A,40109104700,Oklahoma County,Oklahoma,2020,38,33,43,35,12,58,25,0.4,-2.2,0,15.4,-100,91,1.2,10.1,98,82.5,91.8,4,73.9,53,40,75.7,72.3,37,24,50,22,6.4,-2.7,17,N/A,N/A,33,12.4,2.9,69,4.1,5.6,36,38,28,44,19.3,18,42,64,20,55,8.7,16.2,74,N/A,N/A,18,81.6,70.5,8,42.5,51.3,23,24.4,16.1,31,86.7,83.7
60,N/A,40109104700,Oklahoma County,Oklahoma,2021,39,39,39,38,15,62,15,-0.9,-8.4,N/A,10.9,N/A,91,1.2,10.1,97,83.2,92.6,1,81.1,49.2,58,75.2,77.9,48,54,41,72,4.5,25,56,N/A,N/A,34,15.2,5.7,74,5.9,8.9,2,37,3,47,19.1,18.4,30,48,13,11,9.5,0.1,84,N/A,N/A,31,82.6,77.1,7,41.7,52.8,N/A,24.4,N/A,0,86.6,67.1
61,N/A,40109104700,Oklahoma County,Oklahoma,2022,32,29,35,40,23,58,23,-1.9,-5.6,N/A,14.4,N/A,91,1.2,10.1,85,82.6,88.3,1,83.3,57,55,74.6,76,30,22,38,25,-10,-20,21,N/A,N/A,20,14.4,-8.1,71,5.7,8.3,1,37,1,41,19.4,17.5,26,42,9,7,10.5,-3.6,78,N/A,N/A,25,82.7,74.5,2,41.9,58.8,N/A,25,N/A,0,86.5,67
62,N/A,40109104700,Oklahoma County,Oklahoma,2023,33,35,31,44,40,49,40,-2,-0.7,N/A,29.7,N/A,91,1.2,10.1,67,81.8,84.3,1,85.1,54.7,37,74.4,69.4,38,37,38,22,28.6,5.6,69,N/A,N/A,19,-10.3,-41.2,63,4.3,5.3,1,37,1,49,18.5,18.3,17,28,6,8,12.8,-2.9,47,N/A,N/A,12,82.7,66.1,7,42.1,52,N/A,24.3,N/A,0,87,64.6
63,N/A,40109104700,Oklahoma County,Oklahoma,2024,29,29,29,44,40,49,40,-2,-0.7,N/A,29.7,N/A,91,1.2,10.1,67,81.8,84.3,1,85.1,54.7,37,74.4,69.4,32,32,31,62,-4.1,2.6,16,N/A,N/A,19,-10.3,-41.2,63,4.1,5.1,1,37,1,30,1.1,0.7,10,15,6,8,12.8,-2.9,22,N/A,N/A,12,82.7,66.1,7,42.1,52,N/A,24.3,N/A,0,87,64.6
64,N/A,06011000100,Colusa County,California,2017,52,53,50,43,58,28,37,2.5,-2.4,80,5.8,36.1,5,3.2,0.3,63,64,66.4,21,84.5,73.2,24,58.2,49.5,58,46,70,26,4.9,-4.9,67,N/A,N/A,46,2.4,1.4,97,4.4,12.5,42,47,39,N/A,N/A,N/A,52,54,51,70,2.9,13.8,37,N/A,N/A,51,84.8,85.1,64,41.5,39.7,29,23.1,16.4,61,89.7,91.3
65,N/A,06011000100,Colusa County,California,2018,48,46,50,43,55,31,40,2.3,-1.5,70,16,32.5,5,3.2,0.3,69,64.7,68.4,21,84.5,73.2,29,57.4,50.4,44,21,68,26,4.9,-4.9,15,N/A,N/A,21,-2.9,-22.5,97,4.4,12.5,38,48,36,N/A,N/A,N/A,57,63,51,75,6,23.8,51,N/A,N/A,51,85.3,85.6,48,41.8,42,35,23.4,18.5,70,91.3,93.9
66,N/A,06011000100,Colusa County,California,2019,53,56,50,50,64,36,50,1.8,0.6,77,34,70.2,5,3.2,0.3,80,65.1,71.3,26,85.5,77.1,32,56.6,50.5,52,37,67,24,13.2,2.6,40,N/A,N/A,46,11.2,10.9,97,4.4,12.5,37,49,36,N/A,N/A,N/A,56,66,46,78,10.5,41.1,55,N/A,N/A,49,85.9,85.4,26,41.8,45.4,41,23.7,20.4,68,93,94.9
67,N/A,06011000100,Colusa County,California,2020,55,61,49,54,68,39,69,1.4,4.8,68,42.8,62,5,3.2,0.3,84,65.2,72.6,27,86.5,79.1,41,55.6,52.6,63,62,64,43,3.5,2.5,66,N/A,N/A,77,7.4,45.9,95,3.9,9.8,32,51,32,N/A,N/A,N/A,48,54,43,55,14.6,18.2,54,N/A,N/A,44,86.5,84.8,24,42,46.1,45,24,22.2,59,94.3,95.1
68,N/A,06011000100,Colusa County,California,2021,47,46,48,58,73,42,73,-0.2,5.1,73,41.6,75.3,5,3.2,0.3,83,65.5,73.4,20,90.3,82.3,58,55.3,58.1,50,34,65,21,4.6,-7.3,37,N/A,N/A,43,-0.5,-3.4,93,5.5,13.2,37,50,38,N/A,N/A,N/A,34,30,37,32,16.6,10.5,27,N/A,N/A,40,88,85.5,30,41.7,45,33,25.9,19.6,46,95.5,95.1
69,N/A,06011000100,Colusa County,California,2022,44,44,44,43,48,38,69,-0.8,3.8,28,42.6,-7.6,5,3.2,0.3,74,65.2,70.5,13,91.7,82,62,56,60.4,52,46,59,74,-14,28.9,22,N/A,N/A,43,19.5,16.3,74,5.6,8.2,44,49,43,N/A,N/A,N/A,37,38,36,16,17.5,-0.5,61,N/A,N/A,42,88.3,86.4,30,41.8,45,45,25.4,23.6,27,95.5,93.1
70,N/A,06011000100,Colusa County,California,2023,39,33,45,46,52,41,57,-1.6,-1,46,56.3,42.9,5,3.2,0.3,81,64.5,72.1,14,92.6,84.3,63,56.5,61.7,44,28,61,37,27.3,20.4,23,N/A,N/A,23,-5.5,-30,78,4.3,6.8,44,49,43,N/A,N/A,N/A,26,20,32,27,19.6,9.9,14,N/A,N/A,71,88.3,92.4,25,42.1,46.3,7,25.6,8.1,24,95.6,92.7
71,N/A,06011000100,Colusa County,California,2024,42,39,46,46,52,41,57,-1.6,-1,46,56.3,42.9,5,3.2,0.3,81,64.5,72.1,14,92.6,84.3,63,56.5,61.7,44,22,66,18,-5.8,-16.9,26,N/A,N/A,23,-5.5,-30,88,4,8.2,44,49,43,N/A,N/A,N/A,37,42,32,27,19.6,9.9,58,N/A,N/A,71,88.3,92.4,25,42.1,46.3,7,25.6,8.1,24,95.6,92.7
72,N/A,17031070101,Cook County,Illinois,2017,53,42,64,50,32,67,35,0,-3.6,30,-7.9,-47.3,90,5,18.7,58,73.2,75.5,77,78.3,86.8,43,55.1,52.1,56,46,65,39,2.9,-3.3,35,N/A,N/A,63,5.3,8.6,63,4.4,5.3,97,52,99,34,18.6,15.9,55,49,61,40,3.4,-7.8,58,N/A,N/A,54,85,86.3,6,41.5,53.4,100,28.8,100,85,91.9,96.4
73,N/A,17031070101,Cook County,Illinois,2018,49,35,63,46,30,61,29,-0.2,-5.9,30,-5.4,-48.6,90,5,18.7,45,74.1,72.9,77,78.3,86.8,32,54.9,46.8,52,39,65,39,2.9,-3.3,36,N/A,N/A,43,0,-11.4,63,4.4,5.3,97,51,99,34,18.6,15.9,50,36,64,36,5.7,-9.8,37,N/A,N/A,54,85.3,86.4,12,41.8,50.1,100,28.5,100,91,93.1,97.6
74,N/A,17031070101,Cook County,Illinois,2019,51,42,60,40,28,52,24,-0.5,-8.5,31,1.6,-32.4,90,5,18.7,28,75.1,69.8,71,79.3,85.9,20,54.6,40,62,60,65,78,11.1,29.3,35,N/A,N/A,67,10.7,17.9,63,4.4,5.3,97,51,99,34,18.6,15.9,50,38,62,34,9,-12.5,43,N/A,N/A,44,85.7,84.1,14,41.9,49.4,99,28.2,80.9,91,94.1,98
75,N/A,17031070101,Cook County,Illinois,2020,46,33,60,42,35,48,40,-0.8,-3.1,30,7.8,-36.8,90,5,18.7,20,75.5,68.3,70,80.3,86.3,14,54,35.2,54,33,75,25,5.7,-12,36,N/A,N/A,37,7.7,-10.9,88,3.8,7.6,96,51,98,40,18.7,16.9,44,30,58,34,11.7,-8,25,N/A,N/A,39,86.3,82.9,9,42,51.8,97,28.6,63.2,86,95,97.8
76,N/A,17031070101,Cook County,Illinois,2021,50,53,47,45,48,42,65,-1.4,2.1,31,11.2,-36.3,90,5,18.7,11,76.8,64.9,59,85.4,87.7,6,54.7,28.7,60,55,65,70,4.8,12.1,37,N/A,N/A,59,7.9,8.5,63,5.6,6.8,94,50,96,39,18.7,16.7,46,56,35,43,12.9,3.3,70,N/A,N/A,22,87.3,77.3,2,41.6,59.5,35,28.8,22.6,81,95.6,97.9
77,N/A,17031070101,Cook County,Illinois,2022,54,55,52,54,64,45,72,-1.2,5.6,55,15.5,9.5,90,5,18.7,20,76.7,68.8,62,87.1,89.6,8,55.9,32.2,60,49,72,36,-13.1,-23,74,N/A,N/A,37,19.1,-2.2,78,5.6,8.8,96,50,98,41,18.8,17.5,46,53,38,78,13.4,18.7,28,N/A,N/A,41,87.4,84.8,3,41.6,57.6,24,28.6,18.3,83,95.4,98
78,N/A,17031070101,Cook County,Illinois,2023,61,69,53,60,71,48,77,-1.2,9.7,65,29.6,33.8,90,5,18.7,32,76.3,71.4,64,88.6,91.3,4,56.3,28.8,69,66,72,80,24.6,61.4,33,N/A,N/A,85,-12.5,19.5,76,4.2,6.5,96,50,98,44,18.3,17.5,55,71,39,88,14.9,28.1,54,N/A,N/A,47,87.6,86.7,2,41.7,59.3,21,28.9,17.5,85,95.5,98.3
79,N/A,17031070101,Cook County,Illinois,2024,57,60,54,60,71,48,77,-1.2,9.7,65,29.6,33.8,90,5,18.7,32,76.3,71.4,64,88.6,91.3,4,56.3,28.8,64,52,75,42,-3.7,-7.6,30,N/A,N/A,85,-12.5,19.5,61,3.8,4.7,96,50,98,69,1.1,1.5,48,56,39,88,14.9,28.1,23,N/A,N/A,47,87.6,86.7,2,41.7,59.3,21,28.9,17.5,85,95.5,98.3
80,N/A,22071003500,Orleans Parish,Louisiana,2017,31,42,20,38,42,35,23,1.6,-2.3,60,4.2,27.5,53,1.1,1.2,26,80.1,75.1,7,68.3,44.3,54,69.8,71.2,22,29,14,13,3.4,-9.1,65,N/A,N/A,9,20.6,-15.8,N/A,N/A,N/A,23,36,15,5,19.4,8.5,32,54,11,78,3.4,45.4,29,N/A,N/A,26,77.2,66.3,9,45.1,53.2,1,26.2,0,7,85.2,75.5
81,N/A,22071003500,Orleans Parish,Louisiana,2018,34,48,21,43,48,38,36,0.9,1.2,60,7.4,35.6,53,1.1,1.2,51,80.5,80.6,7,68.3,44.3,41,69.4,65.6,20,30,10,13,3.4,-9.1,13,N/A,N/A,64,-1.8,31.2,N/A,N/A,N/A,14,34,10,5,19.4,8.5,41,66,16,69,3.5,17.2,64,N/A,N/A,22,77,63.9,5,45.5,55.4,25,26,16.7,11,86.5,79.3
82,N/A,22071003500,Orleans Parish,Louisiana,2019,28,31,24,38,37,38,49,0.5,5.3,25,11.3,-0.6,53,1.1,1.2,58,80.5,81.6,8,69.8,46.9,34,69.1,62.5,22,38,6,57,13,30,51,N/A,N/A,7,2.2,-33.3,N/A,N/A,N/A,7,31,5,5,19.4,8.5,24,19,29,27,5.3,-2,11,N/A,N/A,17,77.4,61.4,4,45.3,56.8,79,25.5,37.7,17,88.3,83.2
83,N/A,22071003500,Orleans Parish,Louisiana,2020,33,40,26,46,54,38,63,0.1,13.3,44,18.3,24,53,1.1,1.2,56,80.2,81.2,7,71.6,47.6,37,68.5,63.5,30,54,6,60,9.4,30.8,59,N/A,N/A,43,16.2,21.4,N/A,N/A,N/A,2,29,2,9,19.8,10.2,24,12,35,15,7.4,-12,10,N/A,N/A,12,77.8,57.6,6,45.5,55.9,95,24.9,57.1,27,89.8,87.1
84,N/A,22071003500,Orleans Parish,Louisiana,2021,38,47,28,51,62,40,61,-3.4,11.3,63,6.4,52.6,53,1.1,1.2,47,81,80.3,5,79,51.3,57,69.2,71.5,26,47,4,68,3.7,47.1,10,N/A,N/A,63,12,47.1,N/A,N/A,N/A,1,29,1,8,20.2,10.2,36,32,41,16,9.2,-9.3,48,N/A,N/A,8,79.2,53.8,8,44.5,55.1,100,28.4,100,48,92.6,92.4
85,N/A,22071003500,Orleans Parish,Louisiana,2022,32,34,29,52,66,39,64,-3.7,17.3,67,11,78.2,53,1.1,1.2,42,79.7,78.2,11,80.9,62.9,51,68.9,69.2,7,8,6,7,-11.9,-32,11,N/A,N/A,5,17.2,-24,N/A,N/A,N/A,2,28,1,10,20,11.2,36,28,43,39,9.8,7.3,18,N/A,N/A,9,78.9,52.8,10,45.1,54.7,99,29.4,95.2,53,92.9,93.2
86,N/A,22071003500,Orleans Parish,Louisiana,2023,44,57,30,58,64,51,62,-4,13,67,25.2,101.6,53,1.1,1.2,72,78.6,83.5,17,83.2,68.9,63,68.7,74.5,29,50,8,17,25,5.9,64,N/A,N/A,69,-12.9,105.3,N/A,N/A,N/A,2,28,1,14,19.8,12.1,44,57,32,72,12.6,39,42,N/A,N/A,9,79.2,52.9,8,45,55.2,84,29.3,53.9,28,93.2,90.8
87,N/A,22071003500,Orleans Parish,Louisiana,2024,44,60,29,58,64,51,62,-4,13,67,25.2,101.6,53,1.1,1.2,72,78.6,83.5,17,83.2,68.9,63,68.7,74.5,32,59,4,55,-3.9,5.6,53,N/A,N/A,69,-12.9,105.3,N/A,N/A,N/A,2,28,1,7,0.9,0.2,44,57,32,72,12.6,39,42,N/A,N/A,9,79.2,52.9,8,45,55.2,84,29.3,53.9,28,93.2,90.8
88,N/A,36061013300,New York County,New York,2017,62,63,60,57,56,58,26,0.8,-15.8,87,-0.3,66.3,65,4.5,7.1,50,68.1,68.1,60,80.6,83.2,57,49.7,55.3,72,62,81,70,3.7,5.6,55,N/A,N/A,61,5.6,2,60,3.4,4.1,95,54,96,89,17.9,27.9,56,71,42,80,4,9.8,62,N/A,N/A,44,85.4,83.4,23,42.8,47.6,72,24.8,33.7,30,93.6,91.3
89,N/A,36061013300,New York County,New York,2018,62,64,60,57,58,56,27,0.6,-11.8,89,3.1,156,65,4.5,7.1,47,68.6,67.3,60,80.6,83.2,53,49.3,51.3,73,65,81,70,3.7,5.6,59,N/A,N/A,66,2,2.7,60,3.4,4.1,95,54,96,89,17.9,27.9,56,68,43,81,5.6,12.6,54,N/A,N/A,37,85.5,80.8,18,43,48.9,90,24.9,46.7,26,94.4,91.9
90,N/A,36061013300,New York County,New York,2019,63,66,60,66,76,56,62,0.1,1,89,8.9,199.2,65,4.5,7.1,45,68.9,67.1,58,81.4,83.6,54,48.7,51.2,68,55,81,40,10.8,-4.2,59,N/A,N/A,66,7.3,7.9,60,3.4,4.1,95,54,96,89,17.9,27.9,54,67,42,83,8.6,16.9,51,N/A,N/A,32,85.8,79.1,13,43.2,50.9,94,24.8,51,27,95.2,93.1
91,N/A,36061013300,New York County,New York,2020,62,64,61,72,88,56,88,-0.4,13.5,89,15.7,293.6,65,4.5,7.1,43,69.3,67,59,82.4,84.6,57,47.8,53.4,66,43,88,40,6.9,-8.5,34,N/A,N/A,54,10.3,2.8,75,3.2,4.8,96,54,97,93,18.2,30.6,50,62,39,92,11.6,29.4,32,N/A,N/A,30,86.2,78.4,5,43.3,55.4,91,24.7,46.8,31,95.9,94.4
92,N/A,36061013300,New York County,New York,2021,72,83,61,76,90,62,90,-1.4,23.4,90,18,417.1,65,4.5,7.1,45,70.7,68.9,70,86.7,90.5,66,48.3,61,79,79,79,98,4.5,73.8,70,N/A,N/A,69,5.4,9.2,47,4.4,4.2,98,53,98,93,18.2,30.8,62,81,42,96,13.3,41,66,N/A,N/A,40,87.4,84.4,2,43,60.3,91,27.2,55.6,35,96.8,95.7
93,N/A,36061013300,New York County,New York,2022,69,79,59,74,89,58,90,-0.9,22.3,88,22.5,169.2,65,4.5,7.1,42,70.4,67.9,60,88.4,90.2,67,49.4,62.6,76,69,84,59,-14.7,-18.1,98,N/A,N/A,50,18.6,5.3,61,4.4,5.4,97,51,97,93,18.3,30.8,56,78,35,96,14.1,47.9,60,N/A,N/A,43,87.4,85.7,2,42.8,60.3,N/A,27.5,N/A,59,96.9,97.4
94,N/A,36061013300,New York County,New York,2023,66,75,56,73,84,62,86,-0.1,13.1,83,37.3,101.7,65,4.5,7.1,39,69.9,66.5,75,89.7,93.7,70,49.4,65.4,76,71,81,56,25.8,17.3,81,N/A,N/A,75,-10.9,-3.8,53,3.4,3.6,97,51,97,93,18.3,30.8,48,71,25,91,16,37.1,51,N/A,N/A,46,87.4,86.3,2,43.1,59.8,N/A,28.4,N/A,28,97,95.2
95,N/A,36061013300,New York County,New York,2024,67,79,55,73,84,62,86,-0.1,13.1,83,37.3,101.7,65,4.5,7.1,39,69.9,66.5,75,89.7,93.7,70,49.4,65.4,78,79,78,76,-5.6,-2.2,85,N/A,N/A,75,-10.9,-3.8,44,3.3,3,97,51,97,93,0.9,3.1,50,75,25,91,16,37.1,59,N/A,N/A,46,87.4,86.3,2,43.1,59.8,N/A,28.4,N/A,28,97,95.2
96,N/A,48113016406,Dallas County,Texas,2017,42,42,42,36,38,33,66,3.8,7.8,11,9.3,-36.4,57,1.8,2.3,25,77.8,73.3,28,76.2,65.2,21,65.4,51.7,48,48,47,13,6,-21,73,N/A,N/A,57,8.1,23.1,91,6.7,13,27,51,29,24,22.1,16.4,44,41,46,24,4.4,-2.5,58,N/A,N/A,42,81.8,78.8,86,41.8,35.8,20,22.3,13.2,36,83.4,80.5
97,N/A,48113016406,Dallas County,Texas,2018,40,38,43,38,40,35,70,3.5,9.5,11,16.1,-37.2,57,1.8,2.3,32,78.1,74.9,28,76.2,65.2,22,64.9,51.6,46,41,50,13,6,-21,67,N/A,N/A,42,2.3,3.1,91,6.7,13,35,50,36,24,22.1,16.4,38,32,45,15,5.9,-5.9,49,N/A,N/A,38,82.3,77.5,82,41.9,36.8,18,22.1,12.2,41,84.4,82.6
98,N/A,48113016406,Dallas County,Texas,2019,38,32,43,40,46,35,77,3.2,13,15,22.7,-14.1,57,1.8,2.3,29,78,74.4,32,77.5,69.1,23,64.5,51.5,40,28,52,34,15.2,10.2,25,N/A,N/A,26,8,-3,91,6.7,13,41,49,41,24,22.1,16.4,32,22,42,15,8.4,-4.8,29,N/A,N/A,38,82.9,78.1,77,42,37.6,22,21.8,13.2,30,85.3,81.5
99,N/A,48113016406,Dallas County,Texas,2020,39,35,43,39,42,36,68,3,7.9,15,29.4,-9.7,57,1.8,2.3,32,77.7,74.5,32,78.8,70.7,23,63.9,51.1,36,23,50,26,7.4,0,25,N/A,N/A,18,12.1,-6.2,81,5.9,9.3,46,48,44,22,22.6,16.5,41,40,42,21,10.3,1.6,58,N/A,N/A,38,83.6,79.1,76,42,37.8,23,21.7,13.1,30,86,82.2
100,N/A,48113016406,Dallas County,Texas,2021,50,42,59,50,45,54,54,-0.9,-0.7,36,21.6,11.9,57,1.8,2.3,73,77.6,82.1,48,85.1,84.5,39,63.5,58.5,54,47,60,65,5,14.8,26,N/A,N/A,51,8.7,16.7,95,11.5,24.2,59,46,55,25,22.6,17.1,50,35,64,56,11.1,18.3,14,N/A,N/A,65,85.1,89.5,76,41.2,37,86,24,44.8,28,86.1,81.4
101,N/A,48113016406,Dallas County,Texas,2022,48,45,50,42,43,40,43,-2.8,-8.9,43,26.4,26.8,57,1.8,2.3,22,76.9,70.2,41,87,84.2,41,63.7,59.9,52,46,58,52,-13.2,-9.7,18,N/A,N/A,68,15.2,57.1,92,12.6,25,52,47,49,31,23.1,19,48,46,51,66,11.7,27.5,25,N/A,N/A,59,85.3,87.9,65,41.3,38.7,45,24.1,22.4,34,85.6,82.2
102,N/A,48113016406,Dallas County,Texas,2023,51,52,50,41,48,34,40,-4.5,-14.3,56,44,73.5,57,1.8,2.3,13,75.6,65.2,36,88.4,84.6,28,63.9,54,58,58,57,27,30,12.5,79,N/A,N/A,67,-8.8,23.6,84,11,17.5,52,47,49,34,22.6,19.2,54,49,60,66,14.3,32.7,32,N/A,N/A,68,85.4,90.4,68,41.5,38.6,46,24.8,23.1,56,85.5,86.7
103,N/A,48113016406,Dallas County,Texas,2024,53,59,47,41,48,34,40,-4.5,-14.3,56,44,73.5,57,1.8,2.3,13,75.6,65.2,36,88.4,84.6,28,63.9,54,55,63,47,47,-5.2,-4.8,75,N/A,N/A,67,-8.8,23.6,86,11,18.3,52,47,49,4,1.3,0.2,63,66,60,66,14.3,32.7,67,N/A,N/A,68,85.4,90.4,68,41.5,38.6,46,24.8,23.1,56,85.5,86.7
